Feature Name,Coefficient
fixed acidity,-0.0580992293500539
volatile acidity,-1.2590503727637585
citric acid,0.2212328785758222
residual sugar,2.5034333145385865
chlorides,-0.8958789638280485
free sulfur dioxide,-0.5443931950007399
total sulfur dioxide,2.710790897040709
density,-4.221706417529332
pH,-0.23905266093111105
sulphates,-0.5978736311687053
alcohol,-1.6021484295823505
quality,-0.40337405400565723
