Feature Name,Coefficient
fixed acidity,0.06147778807913238
volatile acidity,-1.3255039781869917
citric acid,0.2454348088080846
residual sugar,3.1301341884248655
chlorides,-0.7408943142971757
free sulfur dioxide,-0.3169174867243657
total sulfur dioxide,2.5033984875873423
density,-4.82445638921531
pH,-0.06315834963287491
sulphates,-0.35806760184308994
alcohol,-1.8713929215916656
quality,-0.40986540456656584
