model,fit_time,score_time,test_score,train_score
dummy,0.0,0.006055974960327148,0.7539036980621139,0.7539036743336271
dtree,0.021413707733154298,0.001711130142211914,0.9854850759801254,0.9998350439854994
knn,0.01609358787536621,0.08873419761657715,0.9931822193208332,0.9947218458869752
svm,0.04241447448730469,0.020560073852539062,0.9958212744351359,0.9970860239644977
nb,0.00805959701538086,0.002002716064453125,0.9731686795053133,0.974983490038776
lr,0.02093825340270996,0.0,0.9953817139955754,0.9952166383527192
