model,fit_time,score_time,test_score,train_score
dummy,0.001291370391845703,0.0010198593139648438,0.7539036980621139,0.7539036743336271
dtree,0.016715240478515626,0.0012146949768066407,0.97998597661964,0.9998350439854994
knn,0.0028713703155517577,0.028197622299194335,0.9927429006636928,0.9943919036268708
svm,0.020662975311279298,0.006888866424560547,0.9964813404417365,0.9972509497478953
nb,0.0027035236358642577,0.0012694358825683593,0.9755869872701556,0.976193081823655
lr,0.00650629997253418,0.0010695934295654296,0.9958212744351359,0.9958763566018607
