model,fit_time,score_time,test_score,train_score
dummy,0.0015253543853759766,0.0014594554901123046,0.7539036980621139,0.7539036743336271
dtree,0.018427085876464844,0.0019185543060302734,0.9808670317581208,0.9998350439854994
knn,0.003505849838256836,0.03170962333679199,0.9927429006636928,0.9943919036268708
svm,0.024598217010498045,0.009218358993530273,0.9964813404417365,0.9972509497478953
nb,0.0028954505920410155,0.0013916492462158203,0.9755869872701556,0.976193081823655
lr,0.007338047027587891,0.0012254714965820312,0.9958212744351359,0.9958763566018607
